variable,count,mean,std,min,25%,50%,75%,max,original
dummy1,1000.0,0.0006358465568732334,0.011006172683660493,-0.0348968927285895,-0.007046560179995525,0.0002249629352277,0.007889542516560126,0.0387029572261496,0.015589057870895
dummy2,1000.0,-4.079579126280501e-05,0.010184375600547866,-0.0343307000689563,-0.00656691994660755,0.00050113929833625,0.006567949284741,0.0325391132044217,0.017296753592916
x1,1000.0,0.015052192643271081,2.9476929694460656,-9.904169025939208,-1.7888026337595355,0.07915502387429324,1.872615478138812,28.203471487276094,28.203471487276094
x2,1000.0,0.3837685388358323,7.934200177255481,-20.159774530879314,-4.9112790563375075,0.21292306079922652,5.754687306057428,75.05317463026317,75.05317463026317
x3,1000.0,0.07414848152282505,1.9836075074337214,-5.19701349653977,-1.2903424540822201,0.0689124657829456,1.3788595238859287,17.754031361267437,17.754031361267437
